{"cameraMode":{"drawMode":31,"name":"Sprite Mask","section":"Miscellaneous"},"sceneLighting":true,"audioPlay":false,"sceneViewState":{"showFog":true,"showMaterialUpdate":true,"showSkybox":true,"showFlares":true,"showImageEffects":true,"showParticleSystems":true},"in2DMode":false,"pivot":{"x":-0.0010771751403808594,"y":6.622530937194824,"z":0.0010373592376708985},"rotation":{"x":-0.07336438447237015,"y":-0.0433688722550869,"z":0.0031933654099702837,"w":-0.9963566660881043},"size":15.2249116897583,"orthographic":false}